reference_month,release_date
2021-06,2021-07-13
2021-07,2021-08-11
2021-08,2021-09-14
2021-09,2021-10-13
2021-10,2021-11-10
2021-11,2021-12-10
2021-12,2022-01-12
2022-01,2022-02-10
2022-02,2022-03-10
2022-03,2022-04-12
2022-04,2022-05-11
2022-05,2022-06-10
2022-06,2022-07-13
2022-07,2022-08-10
2022-08,2022-09-13
2022-09,2022-10-13
2022-10,2022-11-10
2022-11,2022-12-13
2022-12,2023-01-12
2023-01,2023-02-14
2023-02,2023-03-14
2023-03,2023-04-12
2023-04,2023-05-10
2023-05,2023-06-13
2023-06,2023-07-12
2023-07,2023-08-10
2023-08,2023-09-13
2023-09,2023-10-12
2023-10,2023-11-14
2023-11,2023-12-12
2023-12,2024-01-11
2024-01,2024-02-13
2024-02,2024-03-12
2024-03,2024-04-10
2024-04,2024-05-15
2024-05,2024-06-12
2024-06,2024-07-11
2024-07,2024-08-14
2024-08,2024-09-11
2024-09,2024-10-10
2024-10,2024-11-13
2024-11,2024-12-11
2024-12,2025-01-15
2025-01,2025-02-12
2025-02,2025-03-12
2025-03,2025-04-10
2025-04,2025-05-13
2025-05,2025-06-11
2025-06,2025-07-15
2025-07,2025-08-12
2025-08,2025-09-11
2025-09,2025-10-24
2025-11,2025-12-18
2025-12,2026-01-13
2026-01,2026-02-13
2026-02,2026-03-11
2026-03,2026-04-10
2026-04,2026-05-12
2026-05,2026-06-10
2026-06,2026-07-14
2026-07,2026-08-12
2026-08,2026-09-11
2026-09,2026-10-14
2026-10,2026-11-10
2026-11,2026-12-10
