release_date,year,headline_actual,core_actual,fed_meeting_date,core_mean_t0,core_median_t0,core_mean_pre,core_median_pre,core_sd_t0,core_iqr_t0,n_core_strikes_t0,surprise_core,surprise_core_t0,headline_mean_t0,headline_median_t0,headline_mean_pre,headline_median_pre,headline_sd_t0,headline_iqr_t0,n_headline_strikes_t0,surprise_headline,surprise_headline_t0,fed_sd_t0_bp,fed_iqr_t0_bp,fed_notmode_t0,fed_entropy_t0,n_fed_strikes_t0,fed_mean_t0,fed_mean_pre,fed_mean_post,d_fed_mean_bp,days_to_meeting,fomc_same_day,r_open,r_open_source,r_close,abs_pre5,vix_prev
2021-12-10,2021,0.8,,2021-12-13,,,,,,,,,,,,,,,,3.0,,,,,,,1.0,,,,,3,False,0.698743187192925,09:35 level,0.9369499440937431,1.0081190478919855,21.58
2022-01-12,2022,0.5,,2022-01-26,,,,,,,,,,0.646,0.6,0.6449999999999999,0.6,0.1276087771275942,0.21387499999999993,4.0,-0.1449999999999999,-0.14600000000000002,,,,,1.0,,,,,14,False,0.49901892586664537,09:35 level,0.26999176663325986,0.6920469449463325,18.41
2022-02-10,2022,0.6,,2022-03-16,,,,,,,,,,0.579,0.6,0.5609999999999999,0.5,0.13363756956784267,0.2115384615384615,4.0,0.039000000000000035,0.02100000000000002,,,,,2.0,,,,,34,False,-1.143020313597184,09:35 level,-1.8128983814268869,1.088309196892575,19.96
2022-03-10,2022,0.8,,2022-03-16,,,,,,,,,,0.704,0.7999999999999999,0.7249999999999999,0.7999999999999999,0.11993331480451959,0.17598039215686279,4.0,0.07500000000000018,0.09600000000000009,,,,,3.0,,,,,6,False,-1.0489771147226383,09:35 level,-0.4525796513785702,1.5427878918111344,32.45
2022-04-12,2022,1.2,,2022-05-04,,,,,,,,,,1.0830000000000002,1.1,1.1110000000000002,1.2000000000000002,0.14836104610038317,0.19680851063829785,7.0,0.08899999999999975,0.11699999999999977,14.166421566507193,15.432098765432102,0.19000000000000006,0.6293770322860377,4.0,0.9574999999999999,0.965,0.97125,0.6249999999999978,22,False,0.6412384463383689,09:35 level,-0.37121004582976175,0.9541079191627375,24.37
2022-05-11,2022,0.3,,2022-06-15,,,,,,,,,,0.3390000000000001,0.3,0.33100000000000007,0.3,0.23404914013941605,0.22649122807017544,12.0,-0.031000000000000083,-0.03900000000000009,14.852924796147057,14.705882352941169,0.1499999999999999,0.6101411160274348,7.0,1.48875,1.48875,1.4974999999999998,0.8749999999999813,35,False,-0.4923272359326468,09:35 level,-1.6013678228193426,2.1404817912061627,32.99
2022-06-10,2022,1.0,,2022-06-15,,,,,,,,,,0.801,0.8,0.791,0.8,0.20371303345637956,0.19402173913043486,12.0,0.20899999999999996,0.19899999999999995,14.788086421170258,13.586956521739136,0.08000000000000007,0.3758099770469799,7.0,1.4974999999999998,1.5025000000000002,1.52,1.749999999999985,5,False,-2.007892592546627,09:35 level,-2.942429554465172,1.2827270212081434,26.09
2022-07-13,2022,1.3,0.7,2022-07-27,0.525,0.5,0.5435,0.5,0.16023420358962065,0.19609507640067908,9.0,0.15649999999999997,0.17499999999999993,1.0585000000000002,1.1,1.0745,1.1,0.225006111028123,0.26750000000000007,13.0,0.22550000000000003,0.24149999999999983,21.565307788204667,15.243902439024382,0.17999999999999994,0.6674396283659655,11.0,2.4925,2.49875,2.5524999999999998,5.3749999999999964,14,False,-1.2684153885609966,09:35 level,-0.5265525685064342,0.7887660057113948,27.29
2022-08-10,2022,0.0,0.3,2022-09-21,0.586,0.6,0.591,0.6,0.1637192719260625,0.21842105263157885,8.0,-0.291,-0.286,0.341,0.3,0.323,0.3,0.21288259675229446,0.2534188034188034,11.0,-0.323,-0.341,30.67572330035589,24.34139784946239,0.3999999999999999,1.0053810655737234,14.0,3.1550000000000002,3.1450000000000005,3.04375,-10.125000000000028,42,False,1.5606284155963934,09:35 level,2.078646785521382,0.46092048089057175,21.77
2022-09-13,2022,0.1,0.6,2022-09-21,0.331,0.3,0.326,0.3,0.1770282463337419,0.23346153846153844,9.0,0.27399999999999997,0.26899999999999996,-0.136,-0.2,-0.1245,-0.1,0.23580500418778225,0.27767857142857144,15.0,0.2245,0.23600000000000002,23.581971397658855,15.625,0.19999999999999996,0.5931449054388753,14.0,3.1912499999999997,3.1912499999999997,3.2512500000000006,6.000000000000094,8,False,-2.134699755644439,09:35 level,-4.445618670359325,1.0841398980980461,23.87
2022-10-13,2022,0.4,0.6,2022-11-02,0.48350000000000004,0.5,0.48550000000000004,0.5,0.19692066930619548,0.23989898989899,9.0,0.11449999999999994,0.11649999999999994,0.29200000000000004,0.3,0.262,0.2,0.1778651174345324,0.21755233494363932,11.0,0.138,0.10799999999999998,33.81359748681008,15.432098765432078,0.19000000000000006,0.6483464143017308,16.0,3.9312499999999995,3.935,3.9850000000000003,5.000000000000027,20,False,-1.8883709267232218,09:35 level,2.6048834190455605,1.1196271421891066,33.57
2022-11-10,2022,0.4,0.3,2022-12-14,0.4960000000000001,0.5,0.4835,0.5,0.15275470532851024,0.1605042016806723,9.0,-0.1835,-0.19600000000000012,0.6785,0.7,0.69,0.7,0.14726761354758217,0.161437908496732,8.0,-0.2899999999999999,-0.27849999999999997,35.20276090024759,26.610644257703076,0.49,0.9777179725655732,19.0,4.58375,4.57375,4.498749999999999,-7.500000000000107,34,False,3.278723617346512,09:35 level,5.349731604908333,1.2071830593839743,26.09
2022-12-13,2022,0.1,0.2,2022-12-14,0.335,0.3,0.337,0.3,0.14168627315304755,0.1899830220713073,9.0,-0.137,-0.135,0.28600000000000003,0.3,0.29300000000000004,0.3,0.17522556891047605,0.23695652173913045,10.0,-0.19300000000000003,-0.18600000000000003,34.01654009448919,13.333333333333286,0.0625,0.302653513913314,19.0,4.485,4.49125,4.478750000000001,-1.249999999999929,1,False,2.345996093362514,09:35 level,0.7541363214336443,0.91676667196599,25.0
2023-01-12,2023,-0.1,0.3,2023-02-01,0.24750000000000005,0.2,0.23250000000000004,0.2,0.1479653675695769,0.17499999999999996,8.0,0.06749999999999995,0.052499999999999936,-0.09999999999999999,-0.1,-0.105,-0.1,0.15491933384829668,0.15666666666666668,12.0,0.0049999999999999906,-1.3877787807814457e-17,24.929588343973922,16.23376623376629,0.22999999999999998,0.6280217710444356,15.0,4.79375,4.798749999999999,4.7612499999999995,-3.7499999999999645,20,False,-0.13915421795371288,09:35 level,0.3634165114219669,1.0855227552731748,21.09
2023-02-14,2023,0.5,0.4,2023-03-22,0.38950000000000007,0.4,0.39250000000000007,0.4,0.1238537443923275,0.12513043478260866,8.0,0.007499999999999951,0.010499999999999954,0.4680000000000001,0.5,0.4675,0.5,0.13105723940324698,0.13609090909090904,9.0,0.03249999999999997,0.03199999999999992,20.823289245457843,13.440860215053796,0.07000000000000006,0.36333463297222424,15.0,5.008749999999999,5.01375,5.009999999999999,-0.37500000000010303,36,False,-0.6110728549762439,09:35 level,-0.0460343812265346,0.9339471501628657,20.34
2023-03-14,2023,0.4,0.5,2023-03-22,0.3945,0.4,0.4045000000000001,0.4,0.14601284190097802,0.1481311975591152,15.0,0.09549999999999992,0.10549999999999998,0.40900000000000003,0.4,0.4080000000000001,0.4,0.12774584141959378,0.11258503401360548,9.0,-0.008000000000000063,-0.009000000000000008,26.678350305069472,25.2016129032258,0.43999999999999995,1.0930022249125293,15.0,4.94625,4.96375,4.971250000000001,0.7500000000001172,8,False,1.1943135447349107,09:35 level,1.6394864643464138,1.0332212475213276,26.52
2023-04-12,2023,0.1,0.4,2023-05-03,0.4285000000000001,0.4,0.436,0.4,0.13541694871765497,0.10999999999999999,15.0,-0.035999999999999976,-0.02850000000000008,0.23500000000000001,0.2,0.21450000000000002,0.2,0.10136567466356648,0.12674418604651164,9.0,-0.11450000000000002,-0.135,23.662998542027598,18.862192764429686,0.29000000000000004,0.7605854349764171,15.0,5.177499999999999,5.177499999999999,5.171250000000001,-0.6249999999998757,21,False,0.4942855220931146,09:35 level,-0.4084283653082067,0.2674589893140594,19.1
2023-05-10,2023,0.4,0.4,2023-06-14,0.37933333333333336,0.4,0.4073333333333334,0.4,0.17735902069593817,0.11367588932806327,13.0,-0.007333333333333358,0.020666666666666667,0.406,0.4,0.41850000000000004,0.4,0.1156027681329474,0.14636363636363642,9.0,-0.018500000000000016,-0.006000000000000005,23.237563878341472,16.447368421052566,0.24,0.7050229534192848,15.0,5.286250000000001,5.290000000000001,5.271249999999999,-1.8750000000001599,35,False,0.831227750083817,09:35 level,0.46614471743745894,0.7400132725961434,17.71
2023-06-13,2023,0.1,0.4,2023-06-14,0.38333333333333336,0.4,0.38833333333333336,0.4,0.17374950039896195,0.10370879120879117,14.0,0.011666666666666659,0.016666666666666663,0.14250000000000002,0.1,0.13350000000000004,0.1,0.1511414900019184,0.15666666666666665,11.0,-0.03350000000000003,-0.04250000000000001,21.52179128232593,15.527950310559024,0.19499999999999995,0.5397670388963625,15.0,5.2925,5.291250000000001,5.2575,-3.375000000000039,1,False,0.46227701601278276,09:35 level,0.657126184219648,0.44985614005127184,15.01
2023-07-12,2023,0.2,0.2,2023-07-26,0.218,0.2,0.20199999999999999,0.2,0.1666613332479973,0.1568333333333333,15.0,-0.001999999999999974,-0.017999999999999988,0.203,0.2,0.18300000000000002,0.2,0.11743508845315358,0.12609649122807015,9.0,0.016999999999999987,-0.0030000000000000027,20.5182845286832,13.36898395721926,0.06500000000000006,0.2753465697850879,15.0,5.48,5.4775,5.4775,0.0,14,False,0.9044541598337686,09:35 level,0.8013729182131305,0.4150776331862671,14.84
2023-08-10,2023,0.2,0.2,2023-09-20,0.16600000000000004,0.2,0.1545,0.1,0.13507035203922438,0.12239902080783352,15.0,0.04550000000000001,0.033999999999999975,0.20800000000000007,0.2,0.201,0.2,0.13669674465765455,0.09433962264150939,13.0,-0.0010000000000000009,-0.008000000000000063,23.452078799117153,16.23376623376629,0.22999999999999998,0.6349532428500351,15.0,5.550000000000001,5.545,5.529999999999999,-1.5000000000000568,41,False,0.7999327635750156,09:35 level,0.035888119174855626,0.5431902172004694,15.96
2023-09-13,2023,0.6,0.3,2023-09-20,0.254,0.2,0.2555,0.2,0.13850631754544632,0.11766334440753046,15.0,0.044499999999999984,0.045999999999999985,0.6325000000000001,0.6,0.6325,0.6,0.10813764376941086,0.1355093256814921,9.0,-0.03249999999999997,-0.032500000000000084,20.53617235513961,13.089005235602169,0.04500000000000004,0.22864345868666358,15.0,5.503749999999999,5.5024999999999995,5.5,-0.24999999999995026,7,False,0.19488162073061893,09:35 level,0.11652662382967427,0.4676165519454491,14.23
2023-10-12,2023,0.4,0.3,2023-11-01,0.2895,0.3,0.302,0.3,0.16059187401609087,0.13678571428571426,14.0,-0.0020000000000000018,0.01050000000000001,0.3375,0.3,0.342,0.3,0.11934718262280021,0.11886409736308318,12.0,0.057999999999999996,0.0625,21.59861106645518,14.204545454545414,0.12,0.4716788083737866,15.0,5.515,5.515,5.5112499999999995,-0.3750000000000142,20,False,-0.0022919221205889365,09:35 level,-0.6115102161206689,0.5568151269624455,16.09
2023-11-14,2023,0.0,0.2,2023-12-13,0.30600000000000005,0.3,0.29900000000000004,0.3,0.18265815065307103,0.07575757575757575,14.0,-0.09900000000000003,-0.10600000000000004,0.09280000000000001,0.1,0.1,0.1,0.1361916296987447,0.09257294429708225,11.0,-0.1,-0.09280000000000001,21.011901389450703,13.812154696132595,0.09499999999999997,0.35285441900768594,15.0,5.515,5.521249999999999,5.50125,-1.9999999999999574,29,False,1.4591226904843448,09:35 level,1.9214918676684432,0.5568290084853322,14.76
2023-12-12,2023,0.1,0.3,2023-12-13,0.29812500000000003,0.3,0.284125,0.3,0.19757020113114232,0.11330128205128204,11.0,0.015874999999999972,0.00187499999999996,0.06400000000000002,0.1,0.06400000000000002,0.1,0.12531560158256433,0.11688963210702341,11.0,0.03599999999999999,0.03599999999999999,19.836834424877377,12.690355329949288,0.015000000000000013,0.09436169374111802,15.0,5.494999999999999,5.49375,5.49375,0.0,1,False,-0.23187536800232403,09:35 level,0.455680042129323,0.4001691008659547,12.63
2024-01-11,2024,0.3,0.3,2024-01-31,0.2645,0.3,0.254,0.3,0.08538003279455918,0.113223371540397,6.0,0.045999999999999985,0.035499999999999976,0.24350000000000002,0.2,0.23750000000000004,0.2,0.09358285099311733,0.11369509043927645,7.0,0.062499999999999944,0.05649999999999997,9.67923034130297,12.690355329949288,0.015000000000000013,0.09436169374111804,7.0,5.5025,5.5,5.5,0.0,20,False,0.2326274832770729,09:35 level,-0.04407551676435859,0.5185535732761248,12.69
2024-02-13,2024,0.3,0.4,2024-03-20,0.282,0.3,0.2775,0.3,0.08874683092933516,0.08403225806451614,6.0,0.1225,0.11800000000000005,0.1645,0.2,0.16450000000000004,0.2,0.08654334174273606,0.09737156511350063,6.0,0.13549999999999995,0.13549999999999998,13.763629608500807,14.204545454545414,0.12,0.4909891323396631,7.0,5.467499999999999,5.465,5.486249999999999,2.1249999999999325,36,False,-1.2271078314605495,09:35 level,-1.3868732731996753,0.3569657522757017,13.93
2024-03-12,2024,0.4,0.4,2024-03-20,0.36200000000000004,0.4,0.3185,0.3,0.0903105752390051,0.11648484848484847,7.0,0.08150000000000002,0.03799999999999998,0.456,0.5,0.454,0.5,0.09308061022576078,0.12357142857142855,8.0,-0.05399999999999999,-0.055999999999999994,9.010410645470051,12.690355329949288,0.015000000000000013,0.09436169374111804,7.0,5.4975,5.495,5.49625,0.12499999999997513,8,False,0.32219982765735844,09:35 level,1.0699866687110922,0.6371373274162836,15.22
2024-04-10,2024,0.4,0.4,2024-05-01,0.27499999999999997,0.3,0.2765,0.3,0.08874119674649424,0.11236363636363639,7.0,0.1235,0.12500000000000006,0.287,0.3,0.28800000000000003,0.3,0.08678133439859058,0.09109195402298853,7.0,0.11199999999999999,0.11300000000000004,12.717483045005402,13.157894736842035,0.050000000000000044,0.27481721412489585,7.0,5.491249999999999,5.48625,5.48875,0.24999999999995026,21,False,-1.1484668018294393,09:35 level,-1.006356225012168,0.5097448173435908,14.98
2024-05-15,2024,0.3,0.3,2024-06-12,0.2995,0.3,0.311,0.3,0.09513017397229967,0.1132411067193676,7.0,-0.01100000000000001,0.0005000000000000004,0.362,0.4,0.37600000000000006,0.4,0.1107068200247844,0.1407925407925408,8.0,-0.07600000000000007,-0.062,12.297738613257323,13.440860215053796,0.07000000000000006,0.31177196679223196,7.0,5.48625,5.48,5.4825,0.24999999999995026,28,False,0.6001446924606407,09:35 level,1.2306912652879218,0.23682564981598633,13.42
2024-06-12,2024,0.0,0.2,2024-06-12,0.27549999999999997,0.3,0.27699999999999997,0.3,0.10024844138439261,0.11831831831831832,7.0,-0.07699999999999996,-0.07549999999999996,0.11249999999999999,0.1,0.1195,0.1,0.11464619487798101,0.1323717948717949,8.0,-0.1195,-0.11249999999999999,11.021995055342753,12.755102040816269,0.020000000000000018,0.11883352869653038,7.0,5.49375,5.49375,5.49375,0.0,0,True,0.8124094094861761,09:35 level,0.817951161974446,0.3708134088888925,12.85
2024-07-11,2024,-0.1,0.1,2024-07-31,0.1925,0.2,0.1895,0.2,0.09270248108869579,0.11054421768707483,7.0,-0.0895,-0.0925,0.048,0.0,0.05450000000000001,0.0,0.1009752444909147,0.12431077694235589,8.0,-0.15450000000000003,-0.14800000000000002,12.589678312014177,13.22751322751321,0.05500000000000005,0.2698281102941394,7.0,5.48,5.48,5.4725,-0.7500000000000284,20,False,0.03207993899368719,09:35 level,-0.865992171701677,0.44348993206093573,12.85
2024-08-14,2024,0.2,0.2,2024-09-18,0.1825,0.2,0.17450000000000004,0.2,0.09188987974744552,0.12662337662337664,4.0,0.025499999999999967,0.017500000000000016,0.17950000000000005,0.2,0.1695,0.2,0.10310067895023778,0.12656739811912227,8.0,0.0305,0.020499999999999963,23.343896418550187,24.567972350230427,0.38,1.0318509331118382,8.0,5.1475,5.1525,5.1675,1.5000000000000568,35,False,0.04242329286819154,09:35 level,0.3149782948380894,1.0159515469140645,18.12
2024-09-11,2024,0.2,0.3,2024-09-18,0.2125,0.2,0.21250000000000002,0.2,0.11266654339243748,0.08771929824561403,7.0,0.08749999999999997,0.0875,0.162,0.2,0.17250000000000001,0.2,0.10225458424931373,0.1153061224489796,8.0,0.027499999999999997,0.038000000000000006,16.809595474014227,16.666666666666696,0.25,0.6925150167825346,8.0,5.182499999999999,5.18375,5.2225,3.8750000000000284,7,False,-0.3961992018712489,09:35 level,1.0206667589763558,0.7387529956140344,19.08
2024-10-10,2024,0.2,0.3,2024-11-07,0.2575,0.3,0.2585,0.3,0.10219466717984849,0.1294642857142857,7.0,0.04149999999999998,0.04249999999999998,0.0955,0.1,0.09949999999999998,0.1,0.10760924681457446,0.11126885536823426,8.0,0.10050000000000003,0.10450000000000001,19.931131427994778,16.666666666666696,0.25,0.8139038298398376,9.0,4.78,4.7875000000000005,4.79,0.24999999999995026,28,False,-0.24113326917846442,09:35 level,-0.17515417174031708,0.7254686295664166,20.86
2024-11-13,2024,0.2,0.3,2024-12-18,0.32799999999999996,0.3,,,0.11364858116140296,0.1142676767676768,7.0,-0.02799999999999997,-0.02799999999999997,0.2445,0.2,0.34349999999999997,0.2,0.11945605886684858,0.12600803212851402,8.0,-0.14349999999999996,-0.044499999999999984,27.109730725331822,23.834528688524603,0.3900000000000001,0.9503107898487705,10.0,4.572499999999999,4.57625,4.52625,-4.999999999999982,35,False,0.11218365806881983,09:35 level,0.04857255411262299,0.8129980859619799,14.71
2024-12-11,2024,0.3,0.3,2024-12-18,0.2855,0.3,0.29150000000000004,0.3,0.11287050101775929,0.13361904761904758,7.0,0.008499999999999952,0.014500000000000013,0.28600000000000003,0.3,0.2995,0.3,0.10489995233554686,0.11566666666666664,8.0,0.0005000000000000004,0.013999999999999957,22.818577957445115,14.775413711583951,0.15400000000000003,0.5241691279613379,10.0,4.5325,4.535,4.50125,-3.375000000000039,7,False,0.5245013141068547,09:35 level,0.7700862673177611,0.36016089355235215,14.18
2025-01-15,2025,0.4,0.2,2025-01-29,0.27149999999999996,0.3,0.2715,0.3,0.07929533403675153,0.11105328037255172,5.0,-0.07150000000000001,-0.07149999999999995,0.37950000000000006,0.4,0.37649999999999995,0.4,0.10597051476708039,0.1093514328808447,7.0,0.023500000000000076,0.020499999999999963,15.699820858850607,13.157894736842035,0.050000000000000044,0.2804707194410978,10.0,4.4937499999999995,4.49875,4.49875,0.0,14,False,1.4477560669663556,09:35 level,1.8026480285188926,0.6227575484562816,18.71
2025-02-12,2025,0.5,0.4,2025-03-19,0.31250000000000006,0.3,0.3120000000000001,0.3,0.10194974252051843,0.11599842767295598,6.0,0.08799999999999991,0.08749999999999997,0.3305,0.3,0.32975,0.3,0.11344492055618884,0.1288515406162465,7.0,0.17025,0.16949999999999998,19.39555361416632,13.22751322751321,0.05500000000000005,0.2547573038438819,11.0,4.477499999999999,4.477499999999999,4.485,0.7500000000001172,35,False,-0.9411248350582279,09:35 level,-0.3226689984649201,0.4848052185754324,16.02
2025-03-12,2025,0.2,0.2,2025-03-19,0.31600000000000006,0.3,0.3155,0.3,0.09509994742374996,0.08764665286404419,6.0,-0.11549999999999999,-0.11600000000000005,0.30900000000000005,0.3,0.30600000000000005,0.3,0.10591978096654092,0.10849673202614377,7.0,-0.10600000000000004,-0.10900000000000004,17.109938632268822,12.85347043701801,0.02749999999999997,0.16006033346580628,11.0,4.49,4.49,4.49125,0.12499999999997513,7,False,1.1642282884206434,09:35 level,0.5292488963655007,1.390695115703128,26.92
2025-04-10,2025,-0.1,0.1,2025-05-07,0.2145,0.2,0.22699999999999998,0.2,0.08625398541516792,0.11379591836734695,4.0,-0.12699999999999997,-0.11449999999999999,0.05600000000000001,0.1,0.06400000000000002,0.0,0.09520504188329525,0.1281578947368421,5.0,-0.16400000000000003,-0.15600000000000003,25.011247469888442,15.625,0.20000000000000007,0.7520605830525985,11.0,4.4275,4.42875,4.42125,-0.7500000000000284,27,False,-3.0743748116079628,09:35 level,-4.480809185268924,4.5659089083842,33.62
2025-05-13,2025,0.2,0.2,2025-06-18,0.277,0.3,0.28150000000000003,0.3,0.1198791057691039,0.13155416012558868,7.0,-0.08150000000000002,-0.07700000000000001,0.253,0.3,0.277,0.3,0.13817018491700733,0.1511111111111111,7.0,-0.07700000000000001,-0.05299999999999999,21.91032861460551,14.705882352941213,0.15000000000000002,0.6203105731272291,11.0,4.467499999999999,4.465,4.477499999999999,1.249999999999929,36,False,0.08401416732907449,09:35 level,0.6582176726721667,1.066437704772714,18.39
2025-06-11,2025,0.1,0.1,2025-06-18,0.25299999999999995,0.3,0.2735,0.3,0.09844287683728062,0.11960297766749381,6.0,-0.17350000000000002,-0.15299999999999994,0.15199999999999997,0.1,0.189,0.2,0.11872657663724664,0.14074960127591707,7.0,-0.089,-0.05199999999999996,17.535232390818212,13.157894736842124,0.050000000000000044,0.2585025550110315,11.0,4.486250000000001,4.4875,4.49,0.2500000000000391,7,False,0.003316254622325537,09:35 level,-0.28561010415043103,0.437681906730836,16.95
2025-07-15,2025,0.3,0.2,2025-07-30,0.20850000000000002,0.2,0.20350000000000001,0.2,0.13408113215512463,0.11861702127659575,7.0,-0.003500000000000003,-0.008500000000000008,0.243,0.2,0.24199999999999997,0.2,0.13656866404852908,0.12282608695652175,8.0,0.058000000000000024,0.056999999999999995,17.47498211730128,13.29787234042552,0.06000000000000005,0.31506182618142387,11.0,4.48,4.4762499999999985,4.4849999999999985,0.8750000000000036,15,False,0.33539505272840453,09:35 level,-0.42824557207927205,0.2954197538684022,17.2
2025-08-12,2025,0.2,0.3,2025-09-17,0.31,0.3,0.31400000000000006,0.3,0.08544003745317534,0.09551656920077967,5.0,-0.014000000000000068,-0.010000000000000009,0.251,0.3,0.258,0.3,0.09746281342132496,0.12353658536585366,6.0,-0.057999999999999996,-0.05099999999999999,22.470814404466967,17.36111111111107,0.2799999999999999,0.8532837017696278,11.0,4.2775,4.2825,4.2525,-2.999999999999936,36,False,0.5426187547309144,09:35 level,1.058972363238105,0.4659582299475059,16.25
2025-09-11,2025,0.4,0.3,2025-09-17,0.3045,0.3,0.31200000000000006,0.3,0.0890491437353555,0.08771929824561403,5.0,-0.012000000000000066,-0.004500000000000004,0.30550000000000005,0.3,0.319,0.3,0.11008973612467242,0.11793313069908812,6.0,0.08100000000000002,0.09449999999999997,20.2391946480091,15.625,0.19999999999999996,0.7318389727595318,11.0,4.215000000000001,4.207499999999999,4.227499999999999,2.000000000000046,6,False,0.34898632274361835,09:35 level,0.8275867181647363,0.3774507986809633,15.35
2025-12-18,2025,0.2,0.2,2026-01-28,0.23500000000000004,0.2,0.241,0.2,0.06461423991660041,0.09663448275862069,4.0,-0.04099999999999998,-0.03500000000000003,0.2435,0.2,0.2385,0.2,0.0745503185774548,0.10961538461538459,5.0,-0.03849999999999998,-0.04349999999999998,25.358677015964386,17.12328767123288,0.27,0.772886172171348,11.0,3.7024999999999997,3.6962500000000005,3.671250000000001,-2.4999999999999467,41,False,0.9501928132818475,09:35 level,0.752301618359532,0.5689444573892333,17.62
2026-01-13,2026,0.3,0.2,2026-01-28,0.335,0.3,0.34099999999999997,0.3,0.1116915395184434,0.1496434937611408,6.0,-0.14099999999999996,-0.135,0.305,0.3,0.325,0.3,0.1299038105676658,0.1717391304347826,6.0,-0.025000000000000022,-0.0050000000000000044,25.66338588339427,14.204545454545459,0.12,0.5888675993856756,11.0,3.75875,3.7575,3.7575,0.0,15,False,0.0992084969329455,09:35 level,-0.20015414226026376,0.3484111729771843,15.12
2026-02-13,2026,0.2,0.3,2026-03-18,0.32100000000000006,0.3,0.314,0.3,0.10324243313676795,0.14133986928104575,6.0,-0.014000000000000012,-0.021000000000000074,0.238,0.2,0.276,0.3,0.12147427711248172,0.15907258064516128,6.0,-0.07600000000000001,-0.03799999999999998,17.399263633843823,13.888888888888884,0.09999999999999987,0.4250181715669812,11.0,3.73125,3.7312499999999997,3.7312499999999997,0.0,33,False,-0.013211494019004837,09:35 level,0.07043183810107445,0.8450892283629186,20.82
2026-03-11,2026,0.3,0.2,2026-03-18,0.2445,0.2,0.2415,0.2,0.10280928946354993,0.11875,6.0,-0.04149999999999998,-0.044499999999999984,0.22899999999999998,0.2,0.25100000000000006,0.3,0.10610843510296437,0.1268633540372671,6.0,0.04899999999999993,0.07100000000000001,20.916500663351894,13.020833333333348,0.040000000000000036,0.22339592217896873,11.0,3.75,3.7449999999999997,3.7449999999999997,0.0,7,False,0.09002414609953623,09:35 level,-0.1255993840815324,0.7229135052673603,24.93
2026-04-10,2026,0.9,0.2,2026-04-29,0.262,0.3,0.2705,0.2,0.12106196760337244,0.12481203007518796,8.0,-0.07050000000000001,-0.062,0.9,0.9,0.902,0.9,0.171172427686237,0.15366300366300356,15.0,-0.0020000000000000018,0.0,20.303940504246956,12.886597938144373,0.030000000000000027,0.16770053683981012,11.0,3.755,3.75625,3.75625,0.0,19,False,0.1557815846168045,09:35 level,-0.06620714249065728,0.7391771146624321,19.49
2026-05-12,2026,0.6,0.4,2026-06-17,0.3675,0.3,0.391,0.4,0.2001093451091178,0.12214285714285714,16.0,0.009000000000000008,0.03250000000000003,0.584,0.6,0.6069999999999999,0.6,0.13395521639712282,0.13599999999999995,12.0,-0.006999999999999895,0.016000000000000014,19.573179992019696,13.29787234042552,0.06000000000000005,0.31367867523748943,11.0,3.73875,3.73875,3.73875,0.0,36,False,-0.3998243390883077,09:35 level,-0.15160952629217944,0.707238535091139,18.38
2026-06-10,2026,0.5,0.2,2026-06-17,0.24650000000000002,0.2,0.30450000000000005,0.3,0.12683749445648948,0.11760683760683757,11.0,-0.10450000000000004,-0.046500000000000014,0.503,0.5,0.48949999999999994,0.5,0.13319534526401453,0.09343873517786555,14.0,0.010500000000000065,-0.0030000000000000027,15.90793826993305,12.755102040816357,0.020000000000000018,0.12763945098419247,11.0,3.7524999999999995,3.7499999999999996,3.7524999999999995,0.24999999999999467,7,False,-0.7168977521917537,09:35 level,-1.5891150006672023,0.8432634515593895,19.87
2026-07-14,2026,-0.4,0.0,2026-07-29,0.2265,0.2,0.227,0.2,0.10367135573532353,0.10648148148148145,11.0,-0.227,-0.2265,-0.144,-0.2,-0.142,-0.2,0.1177454882362802,0.12266666666666665,9.0,-0.258,-0.256,20.654902565734854,22.40384615384614,0.35,0.793180179368414,11.0,3.83,3.84375,3.7724999999999995,-7.125000000000048,15,False,0.06271642375026991,09:35 level,0.35443075077972785,0.5654712226204686,17.16
2026-08-12,2026,0.1,0.2,2026-09-16,0.20450000000000002,0.2,0.194,0.2,0.13630755665039265,0.11022222222222224,11.0,0.006000000000000005,-0.004500000000000004,0.084,0.1,0.09300000000000001,0.1,0.12142487389328434,0.10212121212121214,10.0,0.006999999999999992,0.016,20.07952937695503,25.25974025974027,0.44999999999999996,0.8483612088838908,11.0,3.8574999999999995,3.8399999999999994,3.8349999999999995,-0.49999999999998934,35,False,0.3245609780832325,09:35 level,0.25015404639479916,0.2638438786184942,15.28
2026-09-11,2026,0.4,0.3,2026-09-16,0.21800000000000003,0.2,0.2025,0.2,0.1057166022912201,0.09166101694915256,11.0,0.09749999999999998,0.08199999999999996,0.369,0.4,0.3585,0.3,0.13834377470634523,0.11575000000000002,15.0,0.04150000000000004,0.031000000000000028,19.646882704388513,22.833806818181834,0.36,0.8029341308425106,11.0,3.9199999999999995,3.9099999999999997,3.9575,4.750000000000032,5,False,1.042277747382321,09:35 level,0.8488212212878911,0.6090769041905332,17.84
