release_date,role,vol_24h_contracts,median_spread,contracts_listed
2021-12-10,cpi_headline,8206.0,0.030000000000000027,3
2021-12-10,fed,0.0,0.02,1
2022-01-12,cpi_headline,23421.0,0.02500000000000001,4
2022-01-12,fed,5.0,0.019999999999999997,1
2022-02-10,cpi_headline,9244.0,0.029999999999999957,4
2022-02-10,fed,2343.0,0.025000000000000022,3
2022-03-10,cpi_headline,9507.0,0.03500000000000003,4
2022-03-10,fed,24661.0,0.010000000000000009,3
2022-04-12,cpi_headline,6502.0,0.029999999999999916,7
2022-04-12,fed,4028.0,0.010000000000000009,4
2022-05-11,cpi_headline,19753.0,0.02499999999999996,12
2022-05-11,fed,11580.0,0.010000000000000009,7
2022-06-10,cpi_headline,10369.0,0.02500000000000001,12
2022-06-10,fed,1441.0,0.010000000000000009,7
2022-07-13,cpi_core,1429.0,0.020000000000000018,9
2022-07-13,cpi_headline,38857.0,0.020000000000000018,13
2022-07-13,fed,3776.0,0.010000000000000009,11
2022-08-10,cpi_core,1727.0,0.030000000000000027,8
2022-08-10,cpi_headline,38602.0,0.010000000000000009,11
2022-08-10,fed,7280.0,0.020000000000000018,14
2022-09-13,cpi_core,2374.0,0.02,9
2022-09-13,cpi_headline,3825.0,0.02,15
2022-09-13,fed,21253.0,0.010000000000000009,14
2022-10-13,cpi_core,4384.0,0.030000000000000027,9
2022-10-13,cpi_headline,24536.0,0.01999999999999999,11
2022-10-13,fed,4761.0,0.014999999999999958,16
2022-11-10,cpi_core,14330.0,0.020000000000000018,9
2022-11-10,cpi_headline,4422.0,0.03500000000000002,8
2022-11-10,fed,2789.0,0.010000000000000009,19
2022-12-13,cpi_core,9133.0,0.030000000000000006,9
2022-12-13,cpi_headline,26718.0,0.02000000000000001,10
2022-12-13,fed,2949.0,0.010000000000000009,19
2023-01-12,cpi_core,10635.0,0.03,8
2023-01-12,cpi_headline,7323.0,0.010000000000000005,12
2023-01-12,fed,1696.0,0.010000000000000009,15
2023-02-14,cpi_core,6024.0,0.024999999999999994,8
2023-02-14,cpi_headline,21842.0,0.02,9
2023-02-14,fed,2695.0,0.010000000000000009,15
2023-03-14,cpi_core,930.0,0.029999999999999916,15
2023-03-14,cpi_headline,7833.0,0.02,9
2023-03-14,fed,109745.0,0.010000000000000009,15
2023-04-12,cpi_core,5115.0,0.020000000000000018,15
2023-04-12,cpi_headline,18098.0,0.01,9
2023-04-12,fed,15786.0,0.010000000000000009,15
2023-05-10,cpi_core,19250.0,0.039999999999999994,15
2023-05-10,cpi_headline,18986.0,0.019999999999999997,9
2023-05-10,fed,8604.0,0.010000000000000009,15
2023-06-13,cpi_core,4764.0,0.04,15
2023-06-13,cpi_headline,10497.0,0.030000000000000027,11
2023-06-13,fed,22883.0,0.010000000000000009,15
2023-07-12,cpi_core,26894.0,0.020000000000000018,15
2023-07-12,cpi_headline,6805.0,0.02,9
2023-07-12,fed,14073.0,0.010000000000000009,15
2023-08-10,cpi_core,28656.0,0.02,15
2023-08-10,cpi_headline,18222.0,0.020000000000000018,13
2023-08-10,fed,4315.0,0.010000000000000009,15
2023-09-13,cpi_core,8757.0,0.02,15
2023-09-13,cpi_headline,5801.0,0.010000000000000009,9
2023-09-13,fed,9200.0,0.010000000000000009,15
2023-10-12,cpi_core,3722.0,0.04,15
2023-10-12,cpi_headline,3318.0,0.03,12
2023-10-12,fed,12712.0,0.010000000000000009,15
2023-11-14,cpi_core,7520.0,0.05,15
2023-11-14,cpi_headline,6571.0,0.040000000000000036,12
2023-11-14,fed,11910.0,0.010000000000000009,15
2023-12-12,cpi_core,2830.0,0.08,15
2023-12-12,cpi_headline,1720.0,0.030000000000000027,11
2023-12-12,fed,50.0,0.010000000000000009,15
2024-01-11,cpi_core,1866.0,0.039999999999999966,6
2024-01-11,cpi_headline,1893.0,0.030000000000000006,7
2024-01-11,fed,5.0,0.01,7
2024-02-13,cpi_core,11320.0,0.05499999999999997,6
2024-02-13,cpi_headline,5669.0,0.040000000000000036,6
2024-02-13,fed,10845.0,0.010000000000000009,7
2024-03-12,cpi_core,21049.0,0.030000000000000006,7
2024-03-12,cpi_headline,9407.0,0.010000000000000009,8
2024-03-12,fed,0.0,0.010000000000000009,7
2024-04-10,cpi_core,3547.0,0.02,7
2024-04-10,cpi_headline,12115.0,0.020000000000000018,7
2024-04-10,fed,22555.0,0.010000000000000009,7
2024-05-15,cpi_core,11482.0,0.020000000000000018,7
2024-05-15,cpi_headline,9112.0,0.02500000000000001,8
2024-05-15,fed,177235.0,0.010000000000000009,7
2024-06-12,cpi_core,15254.0,0.040000000000000036,7
2024-06-12,cpi_headline,9510.0,0.035,8
2024-06-12,fed,16277.0,0.010000000000000009,7
2024-07-11,cpi_core,13866.0,0.02,7
2024-07-11,cpi_headline,2982.0,0.030000000000000013,8
2024-07-11,fed,12887.0,0.010000000000000009,7
2024-08-14,cpi_core,2943.0,0.06999999999999995,7
2024-08-14,cpi_headline,866.0,0.025000000000000015,8
2024-08-14,fed,104420.0,0.019999999999999955,8
2024-09-11,cpi_core,2677.0,0.060000000000000005,7
2024-09-11,cpi_headline,4521.0,0.03,8
2024-09-11,fed,3751.0,0.010000000000000009,8
2024-10-10,cpi_core,379.0,0.020000000000000018,7
2024-10-10,cpi_headline,5229.0,0.02000000000000001,8
2024-10-10,fed,680.0,0.020000000000000018,9
2024-11-13,cpi_core,2501.0,0.07,7
2024-11-13,cpi_headline,0.0,0.06999999999999998,8
2024-11-13,fed,2550.0,0.03,10
2024-12-11,cpi_core,9.0,0.04,7
2024-12-11,cpi_headline,4498.0,0.03,8
2024-12-11,fed,5000.0,0.03,10
2025-01-15,cpi_core,6467.0,0.040000000000000036,5
2025-01-15,cpi_headline,3419.0,0.050000000000000044,7
2025-01-15,fed,389.0,0.010000000000000009,10
2025-02-12,cpi_core,1810.0,0.05499999999999997,6
2025-02-12,cpi_headline,28642.0,0.040000000000000036,7
2025-02-12,fed,1458.0,0.020000000000000018,11
2025-03-12,cpi_core,6037.0,0.04500000000000001,6
2025-03-12,cpi_headline,1033.0,0.040000000000000036,7
2025-03-12,fed,10492.0,0.010000000000000009,11
2025-04-10,cpi_core,15958.0,0.04500000000000001,4
2025-04-10,cpi_headline,16852.0,0.039999999999999994,5
2025-04-10,fed,471005.0,0.010000000000000009,11
2025-05-13,cpi_core,2.0,0.06000000000000005,7
2025-05-13,cpi_headline,76244.0,0.019999999999999907,7
2025-05-13,fed,24378.0,0.010000000000000009,11
2025-06-11,cpi_core,3656.0,0.08000000000000003,6
2025-06-11,cpi_headline,171640.0,0.03,7
2025-06-11,fed,32162.0,0.010000000000000009,11
2025-07-15,cpi_core,23670.0,0.040000000000000036,7
2025-07-15,cpi_headline,165138.0,0.030000000000000013,8
2025-07-15,fed,35130.0,0.010000000000000009,11
2025-08-12,cpi_core,14870.0,0.040000000000000036,5
2025-08-12,cpi_headline,437313.0,0.015000000000000005,6
2025-08-12,fed,27554.0,0.010000000000000009,11
2025-09-11,cpi_core,16707.0,0.040000000000000036,5
2025-09-11,cpi_headline,163595.0,0.02999999999999997,6
2025-09-11,fed,95599.0,0.010000000000000009,11
2025-12-18,cpi_core,775.0,0.08499999999999998,4
2025-12-18,cpi_headline,101407.0,0.010000000000000009,5
2025-12-18,fed,714.0,0.02,11
2026-01-13,cpi_core,8306.0,0.03500000000000001,6
2026-01-13,cpi_headline,40064.0,0.035,6
2026-01-13,fed,13733.0,0.019999999999999997,11
2026-02-13,cpi_core,16552.0,0.020000000000000018,6
2026-02-13,cpi_headline,55582.0,0.010000000000000005,6
2026-02-13,fed,840.0,0.01,11
2026-03-11,cpi_core,4900.0,0.030000000000000027,6
2026-03-11,cpi_headline,144029.0,0.015000000000000013,6
2026-03-11,fed,17530.0,0.01,11
2026-04-10,cpi_core,55363.46,0.045,8
2026-04-10,cpi_headline,49913.38,0.020000000000000004,15
2026-04-10,fed,214751.59,0.01,11
2026-05-12,cpi_core,16521.59,0.04,16
2026-05-12,cpi_headline,51165.56,0.010000000000000009,12
2026-05-12,fed,2568.79,0.01,11
2026-06-10,cpi_core,31748.510000000002,0.03,11
2026-06-10,cpi_headline,32519.55,0.010000000000000009,14
2026-06-10,fed,163300.8,0.01,11
2026-07-14,cpi_core,28508.550000000003,0.01,11
2026-07-14,cpi_headline,12700.42,0.01,9
2026-07-14,fed,105239.73,0.01,11
2026-08-12,cpi_core,7204.48,0.020000000000000018,11
2026-08-12,cpi_headline,316375.51,0.010000000000000009,10
2026-08-12,fed,37577.82,0.01,11
2026-09-11,cpi_core,10219.279999999999,0.02,11
2026-09-11,cpi_headline,38649.34,0.010000000000000009,15
2026-09-11,fed,52032.33,0.010000000000000009,11
