release_date,eve,atm_found,usable,priced_1615,min_leg_marks,straddle_ratio,wings_ratio,marks,crossing_pts,assumed_cost_pts,crossing_share_of_straddle,min_top_size,min_leg_eve_volume,wing_width,max_loss_pts,contracts,max_loss_usd_per_fly,capital_usd
2022-06-10,2022-06-09,True,True,True,31,0.962739877584951,0.9218989904910707,31.0,0.47499999999999953,1.7864999999999998,0.007633587786259566,9.0,263.0,115.0,59.85,26.0,5985.0,15561000.0
2022-07-13,2022-07-12,True,True,True,31,0.9697391527635298,0.936574138094468,31.0,0.4000000000000008,1.734,0.006993006993007008,10.0,1058.0,115.0,60.849999999999994,105.0,6084.999999999999,63892499.999999985
2022-08-10,2022-08-09,True,True,True,31,0.9925828123053108,0.7683644157268658,31.0,0.35,1.5014999999999998,0.007007007007007007,7.0,1878.0,100.0,52.4,187.0,5240.0,97988000.0
2022-09-13,2022-09-12,True,False,False,0,,,,,,,,,,,,,
2022-10-13,2022-10-12,True,True,True,31,1.0130526441227492,0.6156861614831143,31.0,0.4000000000000007,2.5395,0.004750593824227994,18.0,694.0,170.0,88.1,69.0,8810.0,60789000.0
2022-11-10,2022-11-09,True,True,True,31,1.010883330082968,0.7047678304014889,31.0,0.37500000000000366,2.3474999999999997,0.004801536491677347,12.0,1159.0,155.0,80.025,115.0,8002.500000000001,92028750.00000001
2022-12-13,2022-12-12,True,True,True,31,1.0095619901788184,0.6663710210757903,31.0,0.3500000000000033,2.8514999999999997,0.0036939313984168864,9.0,724.0,190.0,98.62500000000001,72.0,9862.500000000002,71010000.00000001
2023-01-12,2023-01-11,True,True,True,31,1.038542348003566,0.5293397581947626,31.0,0.325,2.3714999999999997,0.004111321948134093,14.0,1128.0,155.0,78.25000000000001,112.0,7825.000000000002,87640000.00000001
2023-02-14,2023-02-13,True,True,True,31,1.0065847386373035,0.7102948480235731,31.0,0.325000000000001,2.0220000000000002,0.0048183839881394165,10.0,630.0,135.0,70.35,63.0,7034.999999999999,44320499.99999999
2023-03-14,2023-03-13,True,True,True,31,0.9951412194255941,0.7682807619394829,31.0,0.44999999999999796,2.2965,0.006004002668445601,7.0,2021.0,155.0,81.85,202.0,8184.999999999999,165336999.99999997
2023-04-12,2023-04-11,True,True,True,31,0.9783592210380158,0.772654157225585,31.0,0.3000000000000011,1.164,0.007751937984496152,14.0,3419.0,80.0,42.974999999999994,341.0,4297.499999999999,146544749.99999997
2023-05-10,2023-05-09,True,True,True,31,0.9583350986715646,0.7122326412198944,31.0,0.2750000000000011,1.0605,0.00790229885057469,14.0,4066.0,70.0,36.5,406.0,3650.0,148190000.0
2023-06-13,2023-06-12,True,True,True,31,0.8771597568793692,0.8702538533969187,31.0,0.30000000000000115,0.9690000000000001,0.009419152276295164,22.0,1911.0,65.0,35.45,191.0,3545.0000000000005,67709500.00000001
2023-07-12,2023-07-11,True,True,True,31,0.9186077759227912,0.9665252750999073,31.0,0.3499999999999991,0.9974999999999999,0.010463378176382685,27.0,1414.0,65.0,34.75,141.0,3475.0,48997500.0
2023-08-10,2023-08-09,True,True,True,31,0.9620699464147077,0.8971538773407806,31.0,0.3249999999999983,1.173,0.008217446270543619,18.0,1929.0,80.0,43.0,192.0,4300.0,82560000.0
2023-09-13,2023-09-12,True,True,True,31,0.9264021721845052,0.7704310821500936,31.0,0.27500000000000024,0.8594999999999999,0.009615384615384618,24.0,3073.0,55.0,28.449999999999996,307.0,2844.9999999999995,87341499.99999999
2023-10-12,2023-10-11,True,True,True,31,0.9293595163377776,0.9332734596638861,31.0,0.275000000000002,0.996,0.008333333333333394,25.0,1483.0,70.0,38.675000000000004,148.0,3867.5000000000005,57239000.00000001
2023-11-14,2023-11-13,True,True,True,31,0.9742144377252356,0.7236224982221586,31.0,0.2999999999999993,0.9855,0.009104704097116844,11.0,4581.0,65.0,33.94999999999999,458.0,3394.999999999999,155490999.99999994
2023-12-12,2023-12-11,True,True,True,31,0.9523601024204466,0.7991143322135758,31.0,0.300000000000002,0.8925,0.010291595197255515,16.0,1910.0,60.0,31.925,191.0,3192.5,60976750.0
2024-01-11,2024-01-10,True,True,True,31,0.9507103683420204,0.8235255609283753,31.0,0.32499999999999996,0.954,0.009954058192955617,20.0,1964.0,65.0,34.900000000000006,196.0,3490.0000000000005,68404000.00000001
2024-02-13,2024-02-12,True,True,True,31,0.9322689218860409,0.794373295890067,31.0,0.2750000000000011,0.9839999999999999,0.008487654320987657,10.0,4480.0,65.0,34.275000000000006,448.0,3427.5000000000005,153552000.00000003
2024-03-12,2024-03-11,True,True,True,31,0.973508763496277,0.6926793736316416,31.0,0.325,1.41,0.006907545164718382,18.0,2219.0,95.0,50.5,221.0,5050.0,111605000.0
2024-04-10,2024-04-09,True,True,True,31,1.0191760008531503,0.6940811371036439,31.0,0.32500000000000007,1.4625,0.006666666666666667,17.0,3320.0,95.0,48.824999999999996,332.0,4882.5,162099000.0
2024-05-15,2024-05-14,True,True,True,31,0.9893757707049702,0.6434160316286515,31.0,0.27499999999999936,1.317,0.006292906178489726,11.0,1961.0,85.0,42.95,196.0,4295.0,84182000.0
2024-06-12,2024-06-11,True,True,True,31,1.0433847135423544,0.3773462603339001,31.0,0.27499999999999936,1.5314999999999999,0.005392156862745086,12.0,1343.0,100.0,50.025,134.0,5002.5,67033500.0
2024-07-11,2024-07-10,True,True,True,31,0.9531799030236201,0.7245354220233569,31.0,0.27499999999999936,1.1025,0.007452574525745237,12.0,1253.0,75.0,40.1,125.0,4010.0,50125000.0
2024-08-14,2024-08-13,True,True,True,31,0.985464186817226,0.9206070366122151,31.0,0.39999999999999897,1.575,0.007518796992481215,12.0,660.0,105.0,55.625,66.0,5562.5,36712500.0
2024-09-11,2024-09-10,True,True,True,31,0.989143700982881,0.7212067151042746,31.0,0.2999999999999982,1.5839999999999999,0.00563909774436089,12.0,1546.0,105.0,54.6,154.0,5460.0,84084000.0
2024-10-10,2024-10-09,True,True,True,31,0.9229168501735963,0.9556500744543139,31.0,0.2999999999999993,1.224,0.007398273736128279,14.0,1957.0,85.0,46.375,195.0,4637.5,90431250.0
2024-11-13,2024-11-12,True,True,True,31,0.9631549860915131,0.8763474419724989,31.0,0.2750000000000029,1.005,0.00835866261398174,12.0,3486.0,65.0,34.0,348.0,3400.0,118320000.0
2024-12-11,2024-12-10,True,True,True,31,0.898800023332463,0.8703914600529893,31.0,0.2500000000000002,0.84,0.009157509157509163,8.0,2733.0,55.0,29.325,273.0,2932.5,80057250.0
2025-01-15,2025-01-14,True,True,True,31,1.0246955718303554,0.5702483576278966,31.0,0.29999999999999927,2.0234999999999994,0.00455580865603642,3.0,1459.0,135.0,69.87500000000001,145.0,6987.500000000002,101318750.00000001
2025-02-12,2025-02-11,True,True,True,31,0.9398999143094491,0.9463215658803038,31.0,0.27500000000000113,1.2105,0.0068749999999999836,3.0,1849.0,80.0,42.675000000000004,184.0,4267.5,78522000.0
2025-03-12,2025-03-11,True,True,True,31,1.0124607983254472,0.6684614409582597,31.0,0.47499999999999765,2.5995,0.00523864959254946,2.0,1084.0,170.0,86.95,108.0,8695.0,93906000.0
2025-04-10,2025-04-09,True,True,True,31,0.9055969468414065,1.131742939725592,31.0,1.5750000000000022,3.9180000000000006,0.012036683225066885,1.0,68.0,255.0,136.7,6.0,13669.999999999998,8201999.999999998
2025-05-13,2025-05-12,True,False,False,0,,,,,,,,,,,,,
2025-06-11,2025-06-10,True,True,True,31,0.9242624638193865,1.0740423308869833,31.0,0.32499999999999934,1.3275,0.0073529411764705725,8.0,1489.0,85.0,45.075,148.0,4507.5,66711000.0
2025-07-15,2025-07-14,True,True,True,31,0.9128810448059128,1.0024248375450868,31.0,0.27500000000000024,1.0785,0.007857142857142833,8.0,2882.0,70.0,37.474999999999994,288.0,3747.4999999999995,107927999.99999997
2025-08-12,2025-08-11,True,True,True,31,0.8591950207001327,0.9404867100047701,31.0,0.32500000000000073,1.3170000000000002,0.007420091324200941,8.0,1884.0,85.0,45.675,188.0,4567.5,85869000.0
2025-09-11,2025-09-10,True,True,True,31,0.832124903399206,0.9016794934404697,31.0,0.32499999999999934,1.1025,0.0088555858310627,10.0,2137.0,70.0,37.97500000000001,213.0,3797.500000000001,80886750.00000001
2025-12-18,2025-12-17,True,True,True,31,0.9598511716507585,0.8526968773693967,31.0,0.37499999999999994,1.653,0.006726457399103138,14.0,1468.0,115.0,62.9,146.0,6290.0,91834000.0
2026-01-13,2026-01-12,True,True,True,31,0.9221064742225291,1.0347727590089095,31.0,0.27499999999999836,0.9405,0.008675078864353291,3.0,2790.0,65.0,36.025,279.0,3602.5,100509750.0
2026-02-13,2026-02-12,True,True,True,31,0.9073074385594045,0.7839881383638994,31.0,0.37500000000000056,2.0625,0.005438723712835338,6.0,1042.0,135.0,71.05,104.0,7105.0,73892000.0
2026-03-11,2026-03-10,True,True,True,31,0.9944096766260184,0.9398564981855981,31.0,0.47499999999999776,2.2575,0.006278916060806318,5.0,974.0,155.0,84.65,97.0,8465.0,82110500.0
2026-04-10,2026-04-09,True,True,True,31,0.8790544055110335,1.0915971703093037,31.0,0.3500000000000012,1.263,0.008383233532934128,6.0,3305.0,85.0,47.074999999999996,330.0,4707.5,155347500.0
2026-05-12,2026-05-11,True,True,True,31,0.8820870596689321,1.0648466072363034,31.0,0.32499999999999984,1.137,0.008563899868247698,7.0,3085.0,75.0,41.275,308.0,4127.5,127127000.0
2026-06-10,2026-06-09,True,True,True,31,0.8568449697094161,0.9418962629822852,31.0,0.49999999999999795,2.013,0.007479431563201194,5.0,1852.0,130.0,70.10000000000001,185.0,7010.000000000001,129685000.00000001
2026-07-14,2026-07-13,True,True,True,31,0.9256011114510471,1.0686998500083489,31.0,0.3749999999999988,1.53,0.007274490785645007,7.0,2688.0,100.0,53.25,268.0,5325.0,142710000.0
2026-08-12,2026-08-11,True,True,True,31,0.9209650803910598,1.0273544182007224,31.0,0.27500000000000124,1.3499999999999999,0.006152125279642081,12.0,3184.0,90.0,48.775,318.0,4877.5,155104500.0
2026-09-11,2026-09-10,True,True,True,31,0.9248298584668125,0.7967472601750638,31.0,0.34999999999999937,1.8525,0.005668016194331981,15.0,2419.0,125.0,67.725,241.0,6772.499999999999,163217249.99999997
