release_date,t0_date,headline_event,headline_actual,core_event,core_actual,fed_event,fed_meeting_date,t0_ts,pre_ts,post_ts
2021-12-10,2021-12-09,CPI-21NOV,0.8,,,FED-21DEC,2021-12-13,1639082700,1639142700,1639148400
2022-01-12,2022-01-11,CPI-21DEC,0.5,,,FED-22JAN,2022-01-26,1641933900,1641993900,1641999600
2022-02-10,2022-02-09,CPI-22JAN,0.6,,,FED-22MAR,2022-03-16,1644439500,1644499500,1644505200
2022-03-10,2022-03-09,CPI-22FEB,0.8,,,FED-22MAR,2022-03-16,1646858700,1646918700,1646924400
2022-04-12,2022-04-11,CPI-22MAR,1.2,,,FED-22MAY,2022-05-04,1649706300,1649766300,1649772000
2022-05-11,2022-05-10,CPI-22APR,0.3,,,FED-22JUN,2022-06-15,1652211900,1652271900,1652277600
2022-06-10,2022-06-09,CPI-22MAY,1.0,,,FED-22JUN,2022-06-15,1654803900,1654863900,1654869600
2022-07-13,2022-07-12,CPI-22JUN,1.3,CPICORE-22JUN,0.7,FED-22JUL,2022-07-27,1657655100,1657715100,1657720800
2022-08-10,2022-08-09,CPI-22JUL,0.0,CPICORE-22JUL,0.3,FED-22SEP,2022-09-21,1660074300,1660134300,1660140000
2022-09-13,2022-09-12,CPI-22AUG,0.1,CPICORE-22AUG,0.6,FED-22SEP,2022-09-21,1663011900,1663071900,1663077600
2022-10-13,2022-10-12,CPI-22SEP,0.4,CPICORE-22SEP,0.6,FED-22NOV,2022-11-02,1665603900,1665663900,1665669600
2022-11-10,2022-11-09,CPI-22OCT,0.4,CPICORE-22OCT,0.3,FED-22DEC,2022-12-14,1668026700,1668086700,1668092400
2022-12-13,2022-12-12,CPI-22NOV,0.1,CPICORE-22NOV,0.2,FED-22DEC,2022-12-14,1670877900,1670937900,1670943600
2023-01-12,2023-01-11,CPI-22DEC,-0.1,CPICORE-22DEC,0.3,FED-23FEB,2023-02-01,1673469900,1673529900,1673535600
2023-02-14,2023-02-13,CPI-23JAN,0.5,CPICORE-23JAN,0.4,FED-23MAR,2023-03-22,1676321100,1676381100,1676386800
2023-03-14,2023-03-13,CPI-23FEB,0.4,CPICORE-23FEB,0.5,FED-23MAR,2023-03-22,1678736700,1678796700,1678802400
2023-04-12,2023-04-11,CPI-23MAR,0.1,CPICORE-23MAR,0.4,FED-23MAY,2023-05-03,1681242300,1681302300,1681308000
2023-05-10,2023-05-09,CPI-23APR,0.4,CPICORE-23APR,0.4,FED-23JUN,2023-06-14,1683661500,1683721500,1683727200
2023-06-13,2023-06-12,CPI-23MAY,0.1,CPICORE-23MAY,0.4,FED-23JUN,2023-06-14,1686599100,1686659100,1686664800
2023-07-12,2023-07-11,CPI-23JUN,0.2,CPICORE-23JUN,0.2,FED-23JUL,2023-07-26,1689104700,1689164700,1689170400
2023-08-10,2023-08-09,CPI-23JUL,0.2,CPICORE-23JUL,0.2,FED-23SEP,2023-09-20,1691610300,1691670300,1691676000
2023-09-13,2023-09-12,CPI-23AUG,0.6,CPICORE-23AUG,0.3,FED-23SEP,2023-09-20,1694547900,1694607900,1694613600
2023-10-12,2023-10-11,CPI-23SEP,0.4,CPICORE-23SEP,0.3,FED-23NOV,2023-11-01,1697053500,1697113500,1697119200
2023-11-14,2023-11-13,CPI-23OCT,0.0,CPICORE-23OCT,0.2,FED-23DEC,2023-12-13,1699908300,1699968300,1699974000
2023-12-12,2023-12-11,CPI-23NOV,0.1,CPICORE-23NOV,0.3,FED-23DEC,2023-12-13,1702327500,1702387500,1702393200
2024-01-11,2024-01-10,CPI-23DEC,0.3,CPICORE-23DEC,0.3,FED-24JAN,2024-01-31,1704919500,1704979500,1704985200
2024-02-13,2024-02-12,CPI-24JAN,0.3,CPICORE-24JAN,0.4,FED-24MAR,2024-03-20,1707770700,1707830700,1707836400
2024-03-12,2024-03-11,CPI-24FEB,0.4,CPICORE-24FEB,0.4,FED-24MAR,2024-03-20,1710186300,1710246300,1710252000
2024-04-10,2024-04-09,CPI-24MAR,0.4,CPICORE-24MAR,0.4,FED-24MAY,2024-05-01,1712691900,1712751900,1712757600
2024-05-15,2024-05-14,CPI-24APR,0.3,CPICORE-24APR,0.3,FED-24JUN,2024-06-12,1715715900,1715775900,1715781600
2024-06-12,2024-06-11,CPI-24MAY,0.0,CPICORE-24MAY,0.2,FED-24JUN,2024-06-12,1718135100,1718195100,1718200800
2024-07-11,2024-07-10,CPI-24JUN,-0.1,CPICORE-24JUN,0.1,FED-24JUL,2024-07-31,1720640700,1720700700,1720706400
2024-08-14,2024-08-13,CPI-24JUL,0.2,CPICORE-24JUL,0.2,FED-24SEP,2024-09-18,1723578300,1723638300,1723644000
2024-09-11,2024-09-10,CPI-24AUG,0.2,CPICORE-24AUG,0.3,FED-24SEP,2024-09-18,1725997500,1726057500,1726063200
2024-10-10,2024-10-09,CPI-24SEP,0.2,CPICORE-24SEP,0.3,FED-24NOV,2024-11-07,1728503100,1728563100,1728568800
2024-11-13,2024-11-12,CPI-24OCT,0.2,CPICORE-24OCT,0.3,FED-24DEC,2024-12-18,1731444300,1731504300,1731510000
2024-12-11,2024-12-10,KXCPI-24NOV,0.3,KXCPICORE-24NOV,0.3,FED-24DEC,2024-12-18,1733863500,1733923500,1733929200
2025-01-15,2025-01-14,KXCPI-24DEC,0.4,KXCPICORE-24DEC,0.2,FED-25JAN,2025-01-29,1736887500,1736947500,1736953200
2025-02-12,2025-02-11,KXCPI-25JAN,0.5,KXCPICORE-25JAN,0.4,FED-25MAR,2025-03-19,1739306700,1739366700,1739372400
2025-03-12,2025-03-11,KXCPI-25FEB,0.2,KXCPICORE-25FEB,0.2,FED-25MAR,2025-03-19,1741722300,1741782300,1741788000
2025-04-10,2025-04-09,KXCPI-25MAR,-0.1,KXCPICORE-25MAR,0.1,FED-25MAY,2025-05-07,1744227900,1744287900,1744293600
2025-05-13,2025-05-12,KXCPI-25APR,0.2,KXCPICORE-25APR,0.2,FED-25JUN,2025-06-18,1747079100,1747139100,1747144800
2025-06-11,2025-06-10,KXCPI-25MAY,0.1,KXCPICORE-25MAY,0.1,FED-25JUN,2025-06-18,1749584700,1749644700,1749650400
2025-07-15,2025-07-14,KXCPI-25JUN,0.3,KXCPICORE-25JUN,0.2,FED-25JUL,2025-07-30,1752522300,1752582300,1752588000
2025-08-12,2025-08-11,KXCPI-25JUL,0.2,KXCPICORE-25JUL,0.3,FED-25SEP,2025-09-17,1754941500,1755001500,1755007200
2025-09-11,2025-09-10,KXCPI-25AUG,0.4,KXCPICORE-25AUG,0.3,FED-25SEP,2025-09-17,1757533500,1757593500,1757599200
2025-12-18,2025-12-17,KXCPI-25NOV,0.2,KXCPICORE-25NOV,0.2,KXFED-26JAN,2026-01-28,1766004300,1766064300,1766070000
2026-01-13,2026-01-12,KXCPI-25DEC,0.3,KXCPICORE-25DECT,0.2,KXFED-26JAN,2026-01-28,1768250700,1768310700,1768316400
2026-02-13,2026-02-12,KXCPI-26JAN,0.2,KXCPICORE-26JAN,0.3,KXFED-26MAR,2026-03-18,1770929100,1770989100,1770994800
2026-03-11,2026-03-10,KXCPI-26FEB,0.3,KXCPICORE-26FEB,0.2,KXFED-26MAR,2026-03-18,1773171900,1773231900,1773237600
2026-04-10,2026-04-09,KXCPI-26MAR,0.9,KXCPICORE-26MAR,0.2,KXFED-26APR,2026-04-29,1775763900,1775823900,1775829600
2026-05-12,2026-05-11,KXCPI-26APR,0.6,KXCPICORE-26APR,0.4,KXFED-26JUN,2026-06-17,1778528700,1778588700,1778594400
2026-06-10,2026-06-09,KXCPI-26MAY,0.5,KXCPICORE-26MAY,0.2,KXFED-26JUN,2026-06-17,1781034300,1781094300,1781100000
2026-07-14,2026-07-13,KXCPI-26JUN,-0.4,KXCPICORE-26JUN,0.0,KXFED-26JUL,2026-07-29,1783971900,1784031900,1784037600
2026-08-12,2026-08-11,KXCPI-26JUL,0.1,KXCPICORE-26JUL,0.2,KXFED-26SEP,2026-09-16,1786477500,1786537500,1786543200
2026-09-11,2026-09-10,KXCPI-26AUG,0.4,KXCPICORE-26AUG,0.3,KXFED-26SEP,2026-09-16,1789069500,1789129500,1789135200
