release_date,t0_date,vix_prev_close,vix_release_close
2021-12-10,2021-12-09,21.58,18.69
2022-01-12,2022-01-11,18.41,17.62
2022-02-10,2022-02-09,19.96,23.91
2022-03-10,2022-03-09,32.45,30.23
2022-04-12,2022-04-11,24.37,24.26
2022-05-11,2022-05-10,32.99,32.56
2022-06-10,2022-06-09,26.09,27.75
2022-07-13,2022-07-12,27.29,26.82
2022-08-10,2022-08-09,21.77,19.74
2022-09-13,2022-09-12,23.87,27.27
2022-10-13,2022-10-12,33.57,31.94
2022-11-10,2022-11-09,26.09,23.53
2022-12-13,2022-12-12,25.0,22.55
2023-01-12,2023-01-11,21.09,18.83
2023-02-14,2023-02-13,20.34,18.91
2023-03-14,2023-03-13,26.52,23.73
2023-04-12,2023-04-11,19.1,19.09
2023-05-10,2023-05-09,17.71,16.94
2023-06-13,2023-06-12,15.01,14.61
2023-07-12,2023-07-11,14.84,13.54
2023-08-10,2023-08-09,15.96,15.85
2023-09-13,2023-09-12,14.23,13.48
2023-10-12,2023-10-11,16.09,16.69
2023-11-14,2023-11-13,14.76,14.16
2023-12-12,2023-12-11,12.63,12.07
2024-01-11,2024-01-10,12.69,12.44
2024-02-13,2024-02-12,13.93,15.85
2024-03-12,2024-03-11,15.22,13.84
2024-04-10,2024-04-09,14.98,15.8
2024-05-15,2024-05-14,13.42,12.45
2024-06-12,2024-06-11,12.85,12.04
2024-07-11,2024-07-10,12.85,12.92
2024-08-14,2024-08-13,18.12,16.19
2024-09-11,2024-09-10,19.08,17.69
2024-10-10,2024-10-09,20.86,20.93
2024-11-13,2024-11-12,14.71,14.02
2024-12-11,2024-12-10,14.18,13.58
2025-01-15,2025-01-14,18.71,16.12
2025-02-12,2025-02-11,16.02,15.89
2025-03-12,2025-03-11,26.92,24.23
2025-04-10,2025-04-09,33.62,40.72
2025-05-13,2025-05-12,18.39,18.22
2025-06-11,2025-06-10,16.95,17.26
2025-07-15,2025-07-14,17.2,17.38
2025-08-12,2025-08-11,16.25,14.73
2025-09-11,2025-09-10,15.35,14.71
2025-12-18,2025-12-17,17.62,16.87
2026-01-13,2026-01-12,15.12,15.98
2026-02-13,2026-02-12,20.82,20.6
2026-03-11,2026-03-10,24.93,24.23
2026-04-10,2026-04-09,19.49,19.23
2026-05-12,2026-05-11,18.38,17.99
2026-06-10,2026-06-09,19.87,22.22
2026-07-14,2026-07-13,17.16,16.5
2026-08-12,2026-08-11,15.28,14.55
2026-09-11,2026-09-10,17.84,15.84
